project	path	status	sha256
keralora	apps/web/package.json	present	d6f1c0e8c1155b07f9e4bf1e2c89966c83f130d4ca44ed46fb50f98feb5cee21
keralora	apps/web/drizzle/0005_auth_schema_grant.sql	present	535b20dc950c4403fd4b1b102cb02fc21276d0f3b66b84fcb9a22a2138a95f79
keralora	apps/web/drizzle/0006_app_auth_security_definer.sql	present	889fd3492773c55877f6f15ca821ef223a332e11238914bbf8f66b6872e09600
keralora	apps/web/src/server/auth/auth.ts	present	04cc73d7f0967f080e105c01d200b18eb5aa29e24f26b8a66086859c8a6df0f7
keralora	apps/web/src/server/auth/guards.ts	present	10c28b7e77a7b46be42e2821509d886b70a4aea794fdaa85c51c3e40c32a7552
LawyerServed	apps/web/package.json	present	b4086dc911f963e309c4da9a6c1191922ec0360a0459f46fa299376748988a09
LawyerServed	packages/db/migrations/0010_enable_rls_all_tables.sql	present	be3c46a8c15ca64c672bb98ef40e02cc45a4a412182d6405ef589d2e8f6bcc67
LawyerServed	scripts/check-auth-coverage.sh	present	37e27f756fbf02b5dcdf177c71cc3bef488b8553e724791db422a164c25739a6
LawyerServed	Scrapos/engine/authelia/configuration.yml.template	present	05592a21b152701611b2d2066349761625a6cc804c4dc31ce2364546ab3f59f4
