repo	endpoint	api_path	status	return_code	bytes	sha256	retrieved_at_utc
better-auth/better-auth	repo	repos/better-auth/better-auth	available	0	6657	4b378b7aa2c2704196e494c39714b5443144e60d155036f1e6a5f28867cfed06	2026-09-23T19:18:09Z
better-auth/better-auth	license	repos/better-auth/better-auth/license	available	0	2462	68e0ec8f5116d2f2810db42a961eba779eb5e967ad028226006a1bf355265b3b	2026-09-23T19:18:09Z
better-auth/better-auth	readme	repos/better-auth/better-auth/readme	available	0	4081	48ae7a12608ea715ed315921084d058dc9d2af8168ad1e97f3dfe7afd66aa6c1	2026-09-23T19:18:10Z
better-auth/better-auth	latest-release	repos/better-auth/better-auth/releases/latest	available	0	4943	9a1cd1e00ffc4a386cb244afc447cd3ccfea69e6a9a04355b015f03367e6b66a	2026-09-23T19:18:10Z
better-auth/better-auth	root-contents	repos/better-auth/better-auth/contents	available	0	29014	826a4ecfefa99a9248fba8f0a101c0382e1778374cb0f1092d41bda68f6b6751	2026-09-23T19:18:10Z
supabase/supabase	repo	repos/supabase/supabase	available	0	6636	0c4c8b3947e5bfecf16834bd97bd86b264fe7dd6cba40bd2220aa9d350bf14c3	2026-09-23T19:18:11Z
supabase/supabase	license	repos/supabase/supabase/license	available	0	16544	d13231e872561887a34c698cc935a902310c36e781ec4b4271646de58fa29363	2026-09-23T19:18:11Z
supabase/supabase	readme	repos/supabase/supabase/readme	available	0	23966	294969855e0136f0b059b07cbbb16718c8a257bb513a55d43e7464b20ba2e4f5	2026-09-23T19:18:12Z
supabase/supabase	latest-release	repos/supabase/supabase/releases/latest	available	0	7995	21760392dd305216d8976b136f1b3f230506840b8a2952aa4a1e4ba6e2af8dde	2026-09-23T19:18:12Z
supabase/supabase	root-contents	repos/supabase/supabase/contents	available	0	25891	7e62d80248924584541b98f13aeb38c22d391f49de86c27841ed81f797c71b64	2026-09-23T19:18:13Z
caddyserver/caddy	repo	repos/caddyserver/caddy	available	0	6578	6bfa412be5f4968256627b844b9af11cfb3e65fccd5a75003ea4ef6afa985887	2026-09-23T19:18:13Z
caddyserver/caddy	license	repos/caddyserver/caddy/license	available	0	16570	42744735463ec0b8c318fe6684930a6c0d5f20a8efcd76f6448c4bcc5e0a0db3	2026-09-23T19:18:14Z
caddyserver/caddy	readme	repos/caddyserver/caddy/readme	available	0	18220	6924924dfe0bfbd8aec377a39e9b96307099e74c5d6366a9200c039a67a8a5b1	2026-09-23T19:18:14Z
caddyserver/caddy	latest-release	repos/caddyserver/caddy/releases/latest	available	0	222351	e71536d12297d3c350782c23a776bd25f57d708886256926bc9841acfce7852b	2026-09-23T19:18:15Z
caddyserver/caddy	root-contents	repos/caddyserver/caddy/contents	available	0	43548	a90a65e624014081e42602911d24b345560aa56513a01faac105cc8d543c902d	2026-09-23T19:18:15Z
coollabsio/coolify	repo	repos/coollabsio/coolify	available	0	6780	af93efd44db4d4db1978f1a91d20c7e1d2271ebd66a494d7909817ebed3542a2	2026-09-23T19:18:15Z
coollabsio/coolify	license	repos/coollabsio/coolify/license	available	0	16551	64652eea67775629fc466a2a8cdb802473038b377bd61e3d2bff9c9f598c92a2	2026-09-23T19:18:16Z
coollabsio/coolify	readme	repos/coollabsio/coolify/readme	available	0	21213	8a19e00b0c2b6691a755dfffcff3babe3817e18164d339f5eaf467c04321d200	2026-09-23T19:18:16Z
coollabsio/coolify	latest-release	repos/coollabsio/coolify/releases/latest	available	0	2656	7db13ddc1d8c92b55cfe1315bc73b7b49e8d49eaa727191bf469a426a2a32c69	2026-09-23T19:18:17Z
coollabsio/coolify	root-contents	repos/coollabsio/coolify/contents	available	0	54252	c656260d6996c4d14297ecd15b30c0e3d75fd7769626b603a08a1038dd6940c8	2026-09-23T19:18:17Z
vercel/next.js	repo	repos/vercel/next.js	available	0	6260	ce374e450d1fc3c2ad0f52d040f5ac186a49904ae0f4f5c09697c685e055ea88	2026-09-23T19:18:18Z
vercel/next.js	license	repos/vercel/next.js/license	available	0	2379	46438d56847d5ea72411be03d9f2f486496ce3f09870cd530a0c11a298539369	2026-09-23T19:18:18Z
vercel/next.js	readme	repos/vercel/next.js/readme	available	0	5178	bf608824d04ed7e49c2cfb78052191d02e6c98ebb0bfce8a35d5818cd51640e9	2026-09-23T19:18:19Z
vercel/next.js	latest-release	repos/vercel/next.js/releases/latest	available	0	2081	5960043dc1707ee5952f9dcaead0a0b49eecb59b26bb61e444631261e4b6ccd0	2026-09-23T19:18:19Z
vercel/next.js	root-contents	repos/vercel/next.js/contents	available	0	48697	2d19914bc54935ba15a23f107f82fba1948a79db3a5447e9688eb20f47e91392	2026-09-23T19:18:19Z
drizzle-team/drizzle-orm	repo	repos/drizzle-team/drizzle-orm	available	0	6745	0199db44c67a5618e85415ec17f43a9ba210d71c99c8a77f5a6477bb1a568871	2026-09-23T19:18:20Z
drizzle-team/drizzle-orm	license	repos/drizzle-team/drizzle-orm/license	available	0	16609	62b3103cea855b06348c7bd249a82b2c4af3ce105fceeb3f38e0c1e9b15e4a24	2026-09-23T19:18:20Z
drizzle-team/drizzle-orm	readme	repos/drizzle-team/drizzle-orm/readme	available	0	5296	243c5a0c893c0c37215ca0483ff5604a13a0c2435bec842a7d9eaba4b6527bf4	2026-09-23T19:18:20Z
drizzle-team/drizzle-orm	latest-release	repos/drizzle-team/drizzle-orm/releases/latest	available	0	4000	fad4261bddfd91e6ad66cb8890b5be390923c6b4ef2c02d496c5accb872baccd	2026-09-23T19:18:21Z
drizzle-team/drizzle-orm	root-contents	repos/drizzle-team/drizzle-orm/contents	available	0	24320	537b10268bf1f3b75c82440303860a57f87eb37c12a843f551c7a28ec9424d18	2026-09-23T19:18:21Z
postgres/postgres	repo	repos/postgres/postgres	available	0	6420	6516ae3eff2cccd0a86f195b66b6eaaad90f2c1258a514ad3ca46237a2f0664a	2026-09-23T19:18:22Z
postgres/postgres	license	repos/postgres/postgres/license	available	0	2530	4fbdb251407ca7f5379e43bc8c0bac3f78c7a1d8f09ad7b4c83227458dc47da4	2026-09-23T19:18:22Z
postgres/postgres	readme	repos/postgres/postgres/readme	available	0	2134	363278b4cf3c7550c899354ae909ede25fa5eb1f5b4b5bdbca7250fea6cf6dbb	2026-09-23T19:18:23Z
postgres/postgres	latest-release	repos/postgres/postgres/releases/latest	unavailable	1	0	-	2026-09-23T19:18:23Z
postgres/postgres	root-contents	repos/postgres/postgres/contents	available	0	15356	25e3d26b00dcdf97d32aa4c567838c22c0f5e5aaf03623da7e4c75e366196a04	2026-09-23T19:18:23Z
umami-software/umami	repo	repos/umami-software/umami	available	0	6806	b3543eae141270ec737f049d422ca53f6bb08d69636524ba826cf71b9f22d189	2026-09-23T19:18:24Z
umami-software/umami	license	repos/umami-software/umami/license	available	0	2422	6eba85a432a400ef4fb42c4393b279a8046508d47d6c0a3af1d11365ae778e88	2026-09-23T19:18:24Z
umami-software/umami	readme	repos/umami-software/umami/readme	available	0	7984	c4a9f788f8c07fa89c64136ab9f0923040875b881a4ebbc80dd0d15b54e42755	2026-09-23T19:18:25Z
umami-software/umami	latest-release	repos/umami-software/umami/releases/latest	available	0	6654	3fcc08ee86385a9e5bd05035354c6a583bf7786851dda0dcdde05a176698b837	2026-09-23T19:18:25Z
umami-software/umami	root-contents	repos/umami-software/umami/contents	available	0	31614	61958ecde8d1c642f9d5f9f6787e19a260330ec47e47dcb42ee13bd5c76a6717	2026-09-23T19:18:25Z
better-auth/better-auth	community	repos/better-auth/better-auth/community/profile	available	0	1242	246050f82c7b15ac039e2d554aff9de9944798bd5ee592b05513c5d7a6018669	2026-09-23T19:20:45Z
better-auth/better-auth	workflows	repos/better-auth/better-auth/actions/workflows	available	0	15553	954a0942f667dde0ff048c6bc6aa68f582b64db700e41ddc8fd5c612fd6c7d64	2026-09-23T19:20:46Z
supabase/supabase	community	repos/supabase/supabase/community/profile	available	0	1516	fa08a217199703a0d2cdc7467f88ca14d7e97347da618635a5a98069a30193b3	2026-09-23T19:20:47Z
supabase/supabase	workflows	repos/supabase/supabase/actions/workflows	available	0	15395	a49a5edf978f5bb876ee8ba31296ba6a3f2c617a3ff44c2f453eb161ba6d28aa	2026-09-23T19:20:47Z
caddyserver/caddy	community	repos/caddyserver/caddy/community/profile	available	0	1108	e608fe59a3d0e9cc299460cf8dd7a5662de03bd19dd9be4ae725e3b95b4087f1	2026-09-23T19:20:47Z
caddyserver/caddy	workflows	repos/caddyserver/caddy/actions/workflows	available	0	8626	f2f6d759159e0edc110b5d7b2c42c19bfc52b94cb1013ef417c69a160ab3b791	2026-09-23T19:20:48Z
coollabsio/coolify	community	repos/coollabsio/coolify/community/profile	available	0	1595	5d526715f53dca89f33a33fa4b4a4485cce3b9a2c1af33b06b526995cb8b70fc	2026-09-23T19:20:49Z
coollabsio/coolify	workflows	repos/coollabsio/coolify/actions/workflows	available	0	12247	b49ba3eda928002c9eed7e3fafe79fedcbabef04cadc30301f0cc9576da216bb	2026-09-23T19:20:49Z
vercel/next.js	community	repos/vercel/next.js/community/profile	available	0	1321	9b02771adcbdbbc28530f34daa016943e2058b60dd619794becc72ec9b8c931c	2026-09-23T19:20:50Z
vercel/next.js	workflows	repos/vercel/next.js/actions/workflows	available	0	15274	a637ba65d8be3fc6d47808d0b3ca6838f35b4e3a4e19f32a31955c5c1c60a9dd	2026-09-23T19:20:51Z
drizzle-team/drizzle-orm	community	repos/drizzle-team/drizzle-orm/community/profile	available	0	1262	bcf2d6a5e29d6e1a98df55e932ac6ed9197f8e3244c14623152712cdda5ae160	2026-09-23T19:20:51Z
drizzle-team/drizzle-orm	workflows	repos/drizzle-team/drizzle-orm/actions/workflows	available	0	5439	8b1f5ad3398c6f216c992132edce2e3bba492173f3f5fad9803897cd4cbf317f	2026-09-23T19:20:52Z
postgres/postgres	community	repos/postgres/postgres/community/profile	available	0	1372	3d31c4d82ace0256d1e8dea1eaebfe0db98244e61b393340f36c92249f6bf3a2	2026-09-23T19:20:53Z
postgres/postgres	workflows	repos/postgres/postgres/actions/workflows	available	0	1127	78b9ae2a64afd891521b2160746ab110dc3da1b98258ad00f2652a7b318d99da	2026-09-23T19:20:53Z
umami-software/umami	community	repos/umami-software/umami/community/profile	available	0	981	ec5cbfae3abb33922e779288735ac91262023fae599a2a56a66c3ef49b6d2b81	2026-09-23T19:20:54Z
umami-software/umami	workflows	repos/umami-software/umami/actions/workflows	available	0	3652	123353682d57707032d148fa199566852959644b94c5ed8a1ad76205e5d0a4a7	2026-09-23T19:20:54Z
better-auth/better-auth	security-policy	repos/better-auth/better-auth/contents/SECURITY.md	available	0	2277	178fc1fed676f3ede1e52fbe844c88c55f0fc6ed7fbd40530ce2e670c5cc4dee	2026-09-23T19:21:24Z
supabase/supabase	security-policy	repos/supabase/supabase/contents/SECURITY.md	unavailable	1	0	-	2026-09-23T19:21:24Z
caddyserver/caddy	security-policy	repos/caddyserver/caddy/contents/SECURITY.md	unavailable	1	0	-	2026-09-23T19:21:24Z
coollabsio/coolify	security-policy	repos/coollabsio/coolify/contents/SECURITY.md	available	0	1911	b6e538e52c1162593e400fe994c62391ab98b43be31480e3e0e92d303279c50d	2026-09-23T19:21:25Z
vercel/next.js	security-policy	repos/vercel/next.js/contents/SECURITY.md	unavailable	1	0	-	2026-09-23T19:21:25Z
drizzle-team/drizzle-orm	security-policy	repos/drizzle-team/drizzle-orm/contents/SECURITY.md	available	0	1051	80f139c5b0cad6be44af3b114239ad98ba105db943c2354593524b4344c43dd3	2026-09-23T19:21:25Z
postgres/postgres	security-policy	repos/postgres/postgres/contents/SECURITY.md	unavailable	1	0	-	2026-09-23T19:21:26Z
umami-software/umami	security-policy	repos/umami-software/umami/contents/SECURITY.md	unavailable	1	0	-	2026-09-23T19:21:26Z
